year,state,state_po,county_name,county_fips,office,candidate,party,candidatevotes,totalvotes,version,mode
2020,ILLINOIS,IL,ADAMS,17001,US PRESIDENT,JOSEPH R BIDEN JR,DEMOCRAT,8633,33527,20220315,TOTAL
2020,ILLINOIS,IL,ADAMS,17001,US PRESIDENT,OTHER,GREEN,102,33527,20220315,TOTAL
2020,ILLINOIS,IL,ADAMS,17001,US PRESIDENT,JO JORGENSEN,LIBERTARIAN,483,33527,20220315,TOTAL
2020,ILLINOIS,IL,ADAMS,17001,US PRESIDENT,OTHER,OTHER,89,33527,20220315,TOTAL
2020,ILLINOIS,IL,ADAMS,17001,US PRESIDENT,DONALD J TRUMP,REPUBLICAN,24220,33527,20220315,TOTAL
2020,ILLINOIS,IL,ALEXANDER,17003,US PRESIDENT,JOSEPH R BIDEN JR,DEMOCRAT,1114,2618,20220315,TOTAL
2020,ILLINOIS,IL,ALEXANDER,17003,US PRESIDENT,OTHER,GREEN,5,2618,20220315,TOTAL
2020,ILLINOIS,IL,ALEXANDER,17003,US PRESIDENT,JO JORGENSEN,LIBERTARIAN,7,2618,20220315,TOTAL
2020,ILLINOIS,IL,ALEXANDER,17003,US PRESIDENT,OTHER,OTHER,6,2618,20220315,TOTAL
2020,ILLINOIS,IL,ALEXANDER,17003,US PRESIDENT,DONALD J TRUMP,REPUBLICAN,1486,2618,20220315,TOTAL
2020,ILLINOIS,IL,BOND,17005,US PRESIDENT,JOSEPH R BIDEN JR,DEMOCRAT,2288,8145,20220315,TOTAL
2020,ILLINOIS,IL,BOND,17005,US PRESIDENT,OTHER,GREEN,41,8145,20220315,TOTAL
2020,ILLINOIS,IL,BOND,17005,US PRESIDENT,JO JORGENSEN,LIBERTARIAN,158,8145,20220315,TOTAL
2020,ILLINOIS,IL,BOND,17005,US PRESIDENT,OTHER,OTHER,33,8145,20220315,TOTAL
2020,ILLINOIS,IL,BOND,17005,US PRESIDENT,DONALD J TRUMP,REPUBLICAN,5625,8145,20220315,TOTAL
2020,ILLINOIS,IL,BOONE,17007,US PRESIDENT,JOSEPH R BIDEN JR,DEMOCRAT,10542,24979,20220315,TOTAL
2020,ILLINOIS,IL,BOONE,17007,US PRESIDENT,OTHER,GREEN,146,24979,20220315,TOTAL
2020,ILLINOIS,IL,BOONE,17007,US PRESIDENT,JO JORGENSEN,LIBERTARIAN,360,24979,20220315,TOTAL
2020,ILLINOIS,IL,BOONE,17007,US PRESIDENT,OTHER,OTHER,48,24979,20220315,TOTAL
2020,ILLINOIS,IL,BOONE,17007,US PRESIDENT,DONALD J TRUMP,REPUBLICAN,13883,24979,20220315,TOTAL
2020,ILLINOIS,IL,BROWN,17009,US PRESIDENT,JOSEPH R BIDEN JR,DEMOCRAT,486,2521,20220315,TOTAL
2020,ILLINOIS,IL,BROWN,17009,US PRESIDENT,OTHER,GREEN,10,2521,20220315,TOTAL
2020,ILLINOIS,IL,BROWN,17009,US PRESIDENT,JO JORGENSEN,LIBERTARIAN,47,2521,20220315,TOTAL
2020,ILLINOIS,IL,BROWN,17009,US PRESIDENT,OTHER,OTHER,47,2521,20220315,TOTAL
2020,ILLINOIS,IL,BROWN,17009,US PRESIDENT,DONALD J TRUMP,REPUBLICAN,1931,2521,20220315,TOTAL
2020,ILLINOIS,IL,BUREAU,17011,US PRESIDENT,JOSEPH R BIDEN JR,DEMOCRAT,6669,17434,20220315,TOTAL
2020,ILLINOIS,IL,BUREAU,17011,US PRESIDENT,OTHER,GREEN,95,17434,20220315,TOTAL
2020,ILLINOIS,IL,BUREAU,17011,US PRESIDENT,JO JORGENSEN,LIBERTARIAN,209,17434,20220315,TOTAL
2020,ILLINOIS,IL,BUREAU,17011,US PRESIDENT,OTHER,OTHER,50,17434,20220315,TOTAL
2020,ILLINOIS,IL,BUREAU,17011,US PRESIDENT,DONALD J TRUMP,REPUBLICAN,10411,17434,20220315,TOTAL
2020,ILLINOIS,IL,CALHOUN,17013,US PRESIDENT,JOSEPH R BIDEN JR,DEMOCRAT,677,2772,20220315,TOTAL
2020,ILLINOIS,IL,CALHOUN,17013,US PRESIDENT,OTHER,GREEN,8,2772,20220315,TOTAL
2020,ILLINOIS,IL,CALHOUN,17013,US PRESIDENT,JO JORGENSEN,LIBERTARIAN,36,2772,20220315,TOTAL
2020,ILLINOIS,IL,CALHOUN,17013,US PRESIDENT,OTHER,OTHER,5,2772,20220315,TOTAL
2020,ILLINOIS,IL,CALHOUN,17013,US PRESIDENT,DONALD J TRUMP,REPUBLICAN,2046,2772,20220315,TOTAL
2020,ILLINOIS,IL,CARROLL,17015,US PRESIDENT,JOSEPH R BIDEN JR,DEMOCRAT,2748,8024,20220315,TOTAL
2020,ILLINOIS,IL,CARROLL,17015,US PRESIDENT,OTHER,GREEN,39,8024,20220315,TOTAL
2020,ILLINOIS,IL,CARROLL,17015,US PRESIDENT,JO JORGENSEN,LIBERTARIAN,111,8024,20220315,TOTAL
2020,ILLINOIS,IL,CARROLL,17015,US PRESIDENT,OTHER,OTHER,21,8024,20220315,TOTAL
2020,ILLINOIS,IL,CARROLL,17015,US PRESIDENT,DONALD J TRUMP,REPUBLICAN,5105,8024,20220315,TOTAL
2020,ILLINOIS,IL,CASS,17017,US PRESIDENT,JOSEPH R BIDEN JR,DEMOCRAT,1615,5317,20220315,TOTAL
2020,ILLINOIS,IL,CASS,17017,US PRESIDENT,OTHER,GREEN,17,5317,20220315,TOTAL
2020,ILLINOIS,IL,CASS,17017,US PRESIDENT,JO JORGENSEN,LIBERTARIAN,50,5317,20220315,TOTAL
2020,ILLINOIS,IL,CASS,17017,US PRESIDENT,OTHER,OTHER,10,5317,20220315,TOTAL
2020,ILLINOIS,IL,CASS,17017,US PRESIDENT,DONALD J TRUMP,REPUBLICAN,3625,5317,20220315,TOTAL
2020,ILLINOIS,IL,CHAMPAIGN,17019,US PRESIDENT,JOSEPH R BIDEN JR,DEMOCRAT,57067,95142,20220315,TOTAL
2020,ILLINOIS,IL,CHAMPAIGN,17019,US PRESIDENT,OTHER,GREEN,755,95142,20220315,TOTAL
2020,ILLINOIS,IL,CHAMPAIGN,17019,US PRESIDENT,JO JORGENSEN,LIBERTARIAN,1507,95142,20220315,TOTAL
2020,ILLINOIS,IL,CHAMPAIGN,17019,US PRESIDENT,OTHER,OTHER,528,95142,20220315,TOTAL
2020,ILLINOIS,IL,CHAMPAIGN,17019,US PRESIDENT,DONALD J TRUMP,REPUBLICAN,35285,95142,20220315,TOTAL
2020,ILLINOIS,IL,CHRISTIAN,17021,US PRESIDENT,JOSEPH R BIDEN JR,DEMOCRAT,4335,16204,20220315,TOTAL
2020,ILLINOIS,IL,CHRISTIAN,17021,US PRESIDENT,OTHER,GREEN,65,16204,20220315,TOTAL
2020,ILLINOIS,IL,CHRISTIAN,17021,US PRESIDENT,JO JORGENSEN,LIBERTARIAN,210,16204,20220315,TOTAL
2020,ILLINOIS,IL,CHRISTIAN,17021,US PRESIDENT,OTHER,OTHER,31,16204,20220315,TOTAL
2020,ILLINOIS,IL,CHRISTIAN,17021,US PRESIDENT,DONALD J TRUMP,REPUBLICAN,11563,16204,20220315,TOTAL
2020,ILLINOIS,IL,CLARK,17023,US PRESIDENT,JOSEPH R BIDEN JR,DEMOCRAT,1993,8356,20220315,TOTAL
2020,ILLINOIS,IL,CLARK,17023,US PRESIDENT,OTHER,GREEN,27,8356,20220315,TOTAL
2020,ILLINOIS,IL,CLARK,17023,US PRESIDENT,JO JORGENSEN,LIBERTARIAN,95,8356,20220315,TOTAL
2020,ILLINOIS,IL,CLARK,17023,US PRESIDENT,OTHER,OTHER,15,8356,20220315,TOTAL
2020,ILLINOIS,IL,CLARK,17023,US PRESIDENT,DONALD J TRUMP,REPUBLICAN,6226,8356,20220315,TOTAL
2020,ILLINOIS,IL,CLAY,17025,US PRESIDENT,JOSEPH R BIDEN JR,DEMOCRAT,1129,6886,20220315,TOTAL
2020,ILLINOIS,IL,CLAY,17025,US PRESIDENT,OTHER,GREEN,26,6886,20220315,TOTAL
2020,ILLINOIS,IL,CLAY,17025,US PRESIDENT,JO JORGENSEN,LIBERTARIAN,88,6886,20220315,TOTAL
2020,ILLINOIS,IL,CLAY,17025,US PRESIDENT,OTHER,OTHER,14,6886,20220315,TOTAL
2020,ILLINOIS,IL,CLAY,17025,US PRESIDENT,DONALD J TRUMP,REPUBLICAN,5629,6886,20220315,TOTAL
2020,ILLINOIS,IL,CLINTON,17027,US PRESIDENT,JOSEPH R BIDEN JR,DEMOCRAT,4493,19170,20220315,TOTAL
2020,ILLINOIS,IL,CLINTON,17027,US PRESIDENT,OTHER,GREEN,77,19170,20220315,TOTAL
2020,ILLINOIS,IL,CLINTON,17027,US PRESIDENT,JO JORGENSEN,LIBERTARIAN,258,19170,20220315,TOTAL
2020,ILLINOIS,IL,CLINTON,17027,US PRESIDENT,OTHER,OTHER,38,19170,20220315,TOTAL
2020,ILLINOIS,IL,CLINTON,17027,US PRESIDENT,DONALD J TRUMP,REPUBLICAN,14304,19170,20220315,TOTAL
2020,ILLINOIS,IL,COLES,17029,US PRESIDENT,JOSEPH R BIDEN JR,DEMOCRAT,8067,22606,20220315,TOTAL
2020,ILLINOIS,IL,COLES,17029,US PRESIDENT,OTHER,GREEN,132,22606,20220315,TOTAL
2020,ILLINOIS,IL,COLES,17029,US PRESIDENT,JO JORGENSEN,LIBERTARIAN,306,22606,20220315,TOTAL
2020,ILLINOIS,IL,COLES,17029,US PRESIDENT,OTHER,OTHER,64,22606,20220315,TOTAL
2020,ILLINOIS,IL,COLES,17029,US PRESIDENT,DONALD J TRUMP,REPUBLICAN,14037,22606,20220315,TOTAL
2020,ILLINOIS,IL,COOK,17031,US PRESIDENT,JOSEPH R BIDEN JR,DEMOCRAT,1725973,2321486,20220315,TOTAL
2020,ILLINOIS,IL,COOK,17031,US PRESIDENT,OTHER,GREEN,12279,2321486,20220315,TOTAL
2020,ILLINOIS,IL,COOK,17031,US PRESIDENT,JO JORGENSEN,LIBERTARIAN,17657,2321486,20220315,TOTAL
2020,ILLINOIS,IL,COOK,17031,US PRESIDENT,OTHER,OTHER,7308,2321486,20220315,TOTAL
2020,ILLINOIS,IL,COOK,17031,US PRESIDENT,DONALD J TRUMP,REPUBLICAN,558269,2321486,20220315,TOTAL
2020,ILLINOIS,IL,CRAWFORD,17033,US PRESIDENT,JOSEPH R BIDEN JR,DEMOCRAT,2202,9425,20220315,TOTAL
2020,ILLINOIS,IL,CRAWFORD,17033,US PRESIDENT,OTHER,GREEN,43,9425,20220315,TOTAL
2020,ILLINOIS,IL,CRAWFORD,17033,US PRESIDENT,JO JORGENSEN,LIBERTARIAN,119,9425,20220315,TOTAL
2020,ILLINOIS,IL,CRAWFORD,17033,US PRESIDENT,OTHER,OTHER,18,9425,20220315,TOTAL
2020,ILLINOIS,IL,CRAWFORD,17033,US PRESIDENT,DONALD J TRUMP,REPUBLICAN,7043,9425,20220315,TOTAL
2020,ILLINOIS,IL,CUMBERLAND,17035,US PRESIDENT,JOSEPH R BIDEN JR,DEMOCRAT,1142,5832,20220315,TOTAL
2020,ILLINOIS,IL,CUMBERLAND,17035,US PRESIDENT,OTHER,GREEN,21,5832,20220315,TOTAL
2020,ILLINOIS,IL,CUMBERLAND,17035,US PRESIDENT,JO JORGENSEN,LIBERTARIAN,63,5832,20220315,TOTAL
2020,ILLINOIS,IL,CUMBERLAND,17035,US PRESIDENT,OTHER,OTHER,5,5832,20220315,TOTAL
2020,ILLINOIS,IL,CUMBERLAND,17035,US PRESIDENT,DONALD J TRUMP,REPUBLICAN,4601,5832,20220315,TOTAL
2020,ILLINOIS,IL,DEKALB,17037,US PRESIDENT,JOSEPH R BIDEN JR,DEMOCRAT,24643,47825,20220315,TOTAL
2020,ILLINOIS,IL,DEKALB,17037,US PRESIDENT,OTHER,GREEN,331,47825,20220315,TOTAL
2020,ILLINOIS,IL,DEKALB,17037,US PRESIDENT,JO JORGENSEN,LIBERTARIAN,783,47825,20220315,TOTAL
2020,ILLINOIS,IL,DEKALB,17037,US PRESIDENT,OTHER,OTHER,163,47825,20220315,TOTAL
2020,ILLINOIS,IL,DEKALB,17037,US PRESIDENT,DONALD J TRUMP,REPUBLICAN,21905,47825,20220315,TOTAL
2020,ILLINOIS,IL,DE WITT,17039,US PRESIDENT,JOSEPH R BIDEN JR,DEMOCRAT,2191,8024,20220315,TOTAL
2020,ILLINOIS,IL,DE WITT,17039,US PRESIDENT,OTHER,GREEN,47,8024,20220315,TOTAL
2020,ILLINOIS,IL,DE WITT,17039,US PRESIDENT,JO JORGENSEN,LIBERTARIAN,139,8024,20220315,TOTAL
2020,ILLINOIS,IL,DE WITT,17039,US PRESIDENT,OTHER,OTHER,15,8024,20220315,TOTAL
2020,ILLINOIS,IL,DE WITT,17039,US PRESIDENT,DONALD J TRUMP,REPUBLICAN,5632,8024,20220315,TOTAL
2020,ILLINOIS,IL,DOUGLAS,17041,US PRESIDENT,JOSEPH R BIDEN JR,DEMOCRAT,2335,8738,20220315,TOTAL
2020,ILLINOIS,IL,DOUGLAS,17041,US PRESIDENT,OTHER,GREEN,43,8738,20220315,TOTAL
2020,ILLINOIS,IL,DOUGLAS,17041,US PRESIDENT,JO JORGENSEN,LIBERTARIAN,119,8738,20220315,TOTAL
2020,ILLINOIS,IL,DOUGLAS,17041,US PRESIDENT,OTHER,OTHER,14,8738,20220315,TOTAL
2020,ILLINOIS,IL,DOUGLAS,17041,US PRESIDENT,DONALD J TRUMP,REPUBLICAN,6227,8738,20220315,TOTAL
2020,ILLINOIS,IL,DUPAGE,17043,US PRESIDENT,JOSEPH R BIDEN JR,DEMOCRAT,281222,485104,20220315,TOTAL
2020,ILLINOIS,IL,DUPAGE,17043,US PRESIDENT,OTHER,GREEN,2490,485104,20220315,TOTAL
2020,ILLINOIS,IL,DUPAGE,17043,US PRESIDENT,JO JORGENSEN,LIBERTARIAN,6249,485104,20220315,TOTAL
2020,ILLINOIS,IL,DUPAGE,17043,US PRESIDENT,OTHER,OTHER,1532,485104,20220315,TOTAL
2020,ILLINOIS,IL,DUPAGE,17043,US PRESIDENT,DONALD J TRUMP,REPUBLICAN,193611,485104,20220315,TOTAL
2020,ILLINOIS,IL,EDGAR,17045,US PRESIDENT,JOSEPH R BIDEN JR,DEMOCRAT,1887,8196,20220315,TOTAL
2020,ILLINOIS,IL,EDGAR,17045,US PRESIDENT,OTHER,GREEN,28,8196,20220315,TOTAL
2020,ILLINOIS,IL,EDGAR,17045,US PRESIDENT,JO JORGENSEN,LIBERTARIAN,75,8196,20220315,TOTAL
2020,ILLINOIS,IL,EDGAR,17045,US PRESIDENT,OTHER,OTHER,13,8196,20220315,TOTAL
2020,ILLINOIS,IL,EDGAR,17045,US PRESIDENT,DONALD J TRUMP,REPUBLICAN,6193,8196,20220315,TOTAL
2020,ILLINOIS,IL,EDWARDS,17047,US PRESIDENT,JOSEPH R BIDEN JR,DEMOCRAT,488,3366,20220315,TOTAL
2020,ILLINOIS,IL,EDWARDS,17047,US PRESIDENT,OTHER,GREEN,9,3366,20220315,TOTAL
2020,ILLINOIS,IL,EDWARDS,17047,US PRESIDENT,JO JORGENSEN,LIBERTARIAN,31,3366,20220315,TOTAL
2020,ILLINOIS,IL,EDWARDS,17047,US PRESIDENT,OTHER,OTHER,5,3366,20220315,TOTAL
2020,ILLINOIS,IL,EDWARDS,17047,US PRESIDENT,DONALD J TRUMP,REPUBLICAN,2833,3366,20220315,TOTAL
2020,ILLINOIS,IL,EFFINGHAM,17049,US PRESIDENT,JOSEPH R BIDEN JR,DEMOCRAT,3716,19049,20220315,TOTAL
2020,ILLINOIS,IL,EFFINGHAM,17049,US PRESIDENT,OTHER,GREEN,59,19049,20220315,TOTAL
2020,ILLINOIS,IL,EFFINGHAM,17049,US PRESIDENT,JO JORGENSEN,LIBERTARIAN,232,19049,20220315,TOTAL
2020,ILLINOIS,IL,EFFINGHAM,17049,US PRESIDENT,OTHER,OTHER,36,19049,20220315,TOTAL
2020,ILLINOIS,IL,EFFINGHAM,17049,US PRESIDENT,DONALD J TRUMP,REPUBLICAN,15006,19049,20220315,TOTAL
2020,ILLINOIS,IL,FAYETTE,17051,US PRESIDENT,JOSEPH R BIDEN JR,DEMOCRAT,1826,10056,20220315,TOTAL
2020,ILLINOIS,IL,FAYETTE,17051,US PRESIDENT,OTHER,GREEN,36,10056,20220315,TOTAL
2020,ILLINOIS,IL,FAYETTE,17051,US PRESIDENT,JO JORGENSEN,LIBERTARIAN,113,10056,20220315,TOTAL
2020,ILLINOIS,IL,FAYETTE,17051,US PRESIDENT,OTHER,OTHER,26,10056,20220315,TOTAL
2020,ILLINOIS,IL,FAYETTE,17051,US PRESIDENT,DONALD J TRUMP,REPUBLICAN,8055,10056,20220315,TOTAL
2020,ILLINOIS,IL,FORD,17053,US PRESIDENT,JOSEPH R BIDEN JR,DEMOCRAT,1754,6953,20220315,TOTAL
2020,ILLINOIS,IL,FORD,17053,US PRESIDENT,OTHER,GREEN,39,6953,20220315,TOTAL
2020,ILLINOIS,IL,FORD,17053,US PRESIDENT,JO JORGENSEN,LIBERTARIAN,100,6953,20220315,TOTAL
2020,ILLINOIS,IL,FORD,17053,US PRESIDENT,OTHER,OTHER,12,6953,20220315,TOTAL
2020,ILLINOIS,IL,FORD,17053,US PRESIDENT,DONALD J TRUMP,REPUBLICAN,5048,6953,20220315,TOTAL
2020,ILLINOIS,IL,FRANKLIN,17055,US PRESIDENT,JOSEPH R BIDEN JR,DEMOCRAT,4760,18626,20220315,TOTAL
2020,ILLINOIS,IL,FRANKLIN,17055,US PRESIDENT,OTHER,GREEN,82,18626,20220315,TOTAL
2020,ILLINOIS,IL,FRANKLIN,17055,US PRESIDENT,JO JORGENSEN,LIBERTARIAN,141,18626,20220315,TOTAL
2020,ILLINOIS,IL,FRANKLIN,17055,US PRESIDENT,OTHER,OTHER,21,18626,20220315,TOTAL
2020,ILLINOIS,IL,FRANKLIN,17055,US PRESIDENT,DONALD J TRUMP,REPUBLICAN,13622,18626,20220315,TOTAL
2020,ILLINOIS,IL,FULTON,17057,US PRESIDENT,JOSEPH R BIDEN JR,DEMOCRAT,6503,16678,20220315,TOTAL
2020,ILLINOIS,IL,FULTON,17057,US PRESIDENT,OTHER,GREEN,92,16678,20220315,TOTAL
2020,ILLINOIS,IL,FULTON,17057,US PRESIDENT,JO JORGENSEN,LIBERTARIAN,179,16678,20220315,TOTAL
2020,ILLINOIS,IL,FULTON,17057,US PRESIDENT,OTHER,OTHER,37,16678,20220315,TOTAL
2020,ILLINOIS,IL,FULTON,17057,US PRESIDENT,DONALD J TRUMP,REPUBLICAN,9867,16678,20220315,TOTAL
2020,ILLINOIS,IL,GALLATIN,17059,US PRESIDENT,JOSEPH R BIDEN JR,DEMOCRAT,622,2674,20220315,TOTAL
2020,ILLINOIS,IL,GALLATIN,17059,US PRESIDENT,OTHER,GREEN,10,2674,20220315,TOTAL
2020,ILLINOIS,IL,GALLATIN,17059,US PRESIDENT,JO JORGENSEN,LIBERTARIAN,18,2674,20220315,TOTAL
2020,ILLINOIS,IL,GALLATIN,17059,US PRESIDENT,OTHER,OTHER,5,2674,20220315,TOTAL
2020,ILLINOIS,IL,GALLATIN,17059,US PRESIDENT,DONALD J TRUMP,REPUBLICAN,2019,2674,20220315,TOTAL
2020,ILLINOIS,IL,GREENE,17061,US PRESIDENT,JOSEPH R BIDEN JR,DEMOCRAT,1349,6227,20220315,TOTAL
2020,ILLINOIS,IL,GREENE,17061,US PRESIDENT,OTHER,GREEN,21,6227,20220315,TOTAL
2020,ILLINOIS,IL,GREENE,17061,US PRESIDENT,JO JORGENSEN,LIBERTARIAN,70,6227,20220315,TOTAL
2020,ILLINOIS,IL,GREENE,17061,US PRESIDENT,OTHER,OTHER,17,6227,20220315,TOTAL
2020,ILLINOIS,IL,GREENE,17061,US PRESIDENT,DONALD J TRUMP,REPUBLICAN,4770,6227,20220315,TOTAL
2020,ILLINOIS,IL,GRUNDY,17063,US PRESIDENT,JOSEPH R BIDEN JR,DEMOCRAT,9626,26691,20220315,TOTAL
2020,ILLINOIS,IL,GRUNDY,17063,US PRESIDENT,OTHER,GREEN,125,26691,20220315,TOTAL
2020,ILLINOIS,IL,GRUNDY,17063,US PRESIDENT,JO JORGENSEN,LIBERTARIAN,356,26691,20220315,TOTAL
2020,ILLINOIS,IL,GRUNDY,17063,US PRESIDENT,OTHER,OTHER,61,26691,20220315,TOTAL
2020,ILLINOIS,IL,GRUNDY,17063,US PRESIDENT,DONALD J TRUMP,REPUBLICAN,16523,26691,20220315,TOTAL
2020,ILLINOIS,IL,HAMILTON,17065,US PRESIDENT,JOSEPH R BIDEN JR,DEMOCRAT,824,4315,20220315,TOTAL
2020,ILLINOIS,IL,HAMILTON,17065,US PRESIDENT,OTHER,GREEN,11,4315,20220315,TOTAL
2020,ILLINOIS,IL,HAMILTON,17065,US PRESIDENT,JO JORGENSEN,LIBERTARIAN,41,4315,20220315,TOTAL
2020,ILLINOIS,IL,HAMILTON,17065,US PRESIDENT,OTHER,OTHER,7,4315,20220315,TOTAL
2020,ILLINOIS,IL,HAMILTON,17065,US PRESIDENT,DONALD J TRUMP,REPUBLICAN,3432,4315,20220315,TOTAL
2020,ILLINOIS,IL,HANCOCK,17067,US PRESIDENT,JOSEPH R BIDEN JR,DEMOCRAT,2315,9383,20220315,TOTAL
2020,ILLINOIS,IL,HANCOCK,17067,US PRESIDENT,OTHER,GREEN,35,9383,20220315,TOTAL
2020,ILLINOIS,IL,HANCOCK,17067,US PRESIDENT,JO JORGENSEN,LIBERTARIAN,114,9383,20220315,TOTAL
2020,ILLINOIS,IL,HANCOCK,17067,US PRESIDENT,OTHER,OTHER,13,9383,20220315,TOTAL
2020,ILLINOIS,IL,HANCOCK,17067,US PRESIDENT,DONALD J TRUMP,REPUBLICAN,6906,9383,20220315,TOTAL
2020,ILLINOIS,IL,HARDIN,17069,US PRESIDENT,JOSEPH R BIDEN JR,DEMOCRAT,449,2162,20220315,TOTAL
2020,ILLINOIS,IL,HARDIN,17069,US PRESIDENT,OTHER,GREEN,7,2162,20220315,TOTAL
2020,ILLINOIS,IL,HARDIN,17069,US PRESIDENT,JO JORGENSEN,LIBERTARIAN,14,2162,20220315,TOTAL
2020,ILLINOIS,IL,HARDIN,17069,US PRESIDENT,OTHER,OTHER,1,2162,20220315,TOTAL
2020,ILLINOIS,IL,HARDIN,17069,US PRESIDENT,DONALD J TRUMP,REPUBLICAN,1691,2162,20220315,TOTAL
2020,ILLINOIS,IL,HENDERSON,17071,US PRESIDENT,JOSEPH R BIDEN JR,DEMOCRAT,1187,3647,20220315,TOTAL
2020,ILLINOIS,IL,HENDERSON,17071,US PRESIDENT,OTHER,GREEN,11,3647,20220315,TOTAL
2020,ILLINOIS,IL,HENDERSON,17071,US PRESIDENT,JO JORGENSEN,LIBERTARIAN,49,3647,20220315,TOTAL
2020,ILLINOIS,IL,HENDERSON,17071,US PRESIDENT,OTHER,OTHER,6,3647,20220315,TOTAL
2020,ILLINOIS,IL,HENDERSON,17071,US PRESIDENT,DONALD J TRUMP,REPUBLICAN,2394,3647,20220315,TOTAL
2020,ILLINOIS,IL,HENRY,17073,US PRESIDENT,JOSEPH R BIDEN JR,DEMOCRAT,9797,25635,20220315,TOTAL
2020,ILLINOIS,IL,HENRY,17073,US PRESIDENT,OTHER,GREEN,109,25635,20220315,TOTAL
2020,ILLINOIS,IL,HENRY,17073,US PRESIDENT,JO JORGENSEN,LIBERTARIAN,369,25635,20220315,TOTAL
2020,ILLINOIS,IL,HENRY,17073,US PRESIDENT,OTHER,OTHER,60,25635,20220315,TOTAL
2020,ILLINOIS,IL,HENRY,17073,US PRESIDENT,DONALD J TRUMP,REPUBLICAN,15300,25635,20220315,TOTAL
2020,ILLINOIS,IL,IROQUOIS,17075,US PRESIDENT,JOSEPH R BIDEN JR,DEMOCRAT,2908,14025,20220315,TOTAL
2020,ILLINOIS,IL,IROQUOIS,17075,US PRESIDENT,OTHER,GREEN,64,14025,20220315,TOTAL
2020,ILLINOIS,IL,IROQUOIS,17075,US PRESIDENT,JO JORGENSEN,LIBERTARIAN,147,14025,20220315,TOTAL
2020,ILLINOIS,IL,IROQUOIS,17075,US PRESIDENT,OTHER,OTHER,29,14025,20220315,TOTAL
2020,ILLINOIS,IL,IROQUOIS,17075,US PRESIDENT,DONALD J TRUMP,REPUBLICAN,10877,14025,20220315,TOTAL
2020,ILLINOIS,IL,JACKSON,17077,US PRESIDENT,JOSEPH R BIDEN JR,DEMOCRAT,11181,22643,20220315,TOTAL
2020,ILLINOIS,IL,JACKSON,17077,US PRESIDENT,OTHER,GREEN,194,22643,20220315,TOTAL
2020,ILLINOIS,IL,JACKSON,17077,US PRESIDENT,JO JORGENSEN,LIBERTARIAN,311,22643,20220315,TOTAL
2020,ILLINOIS,IL,JACKSON,17077,US PRESIDENT,OTHER,OTHER,67,22643,20220315,TOTAL
2020,ILLINOIS,IL,JACKSON,17077,US PRESIDENT,DONALD J TRUMP,REPUBLICAN,10890,22643,20220315,TOTAL
2020,ILLINOIS,IL,JASPER,17079,US PRESIDENT,JOSEPH R BIDEN JR,DEMOCRAT,1007,5576,20220315,TOTAL
2020,ILLINOIS,IL,JASPER,17079,US PRESIDENT,OTHER,GREEN,17,5576,20220315,TOTAL
2020,ILLINOIS,IL,JASPER,17079,US PRESIDENT,JO JORGENSEN,LIBERTARIAN,53,5576,20220315,TOTAL
2020,ILLINOIS,IL,JASPER,17079,US PRESIDENT,OTHER,OTHER,5,5576,20220315,TOTAL
2020,ILLINOIS,IL,JASPER,17079,US PRESIDENT,DONALD J TRUMP,REPUBLICAN,4494,5576,20220315,TOTAL
2020,ILLINOIS,IL,JEFFERSON,17081,US PRESIDENT,JOSEPH R BIDEN JR,DEMOCRAT,4608,17404,20220315,TOTAL
2020,ILLINOIS,IL,JEFFERSON,17081,US PRESIDENT,OTHER,GREEN,77,17404,20220315,TOTAL
2020,ILLINOIS,IL,JEFFERSON,17081,US PRESIDENT,JO JORGENSEN,LIBERTARIAN,214,17404,20220315,TOTAL
2020,ILLINOIS,IL,JEFFERSON,17081,US PRESIDENT,OTHER,OTHER,29,17404,20220315,TOTAL
2020,ILLINOIS,IL,JEFFERSON,17081,US PRESIDENT,DONALD J TRUMP,REPUBLICAN,12476,17404,20220315,TOTAL
2020,ILLINOIS,IL,JERSEY,17083,US PRESIDENT,JOSEPH R BIDEN JR,DEMOCRAT,2961,11937,20220315,TOTAL
2020,ILLINOIS,IL,JERSEY,17083,US PRESIDENT,OTHER,GREEN,45,11937,20220315,TOTAL
2020,ILLINOIS,IL,JERSEY,17083,US PRESIDENT,JO JORGENSEN,LIBERTARIAN,202,11937,20220315,TOTAL
2020,ILLINOIS,IL,JERSEY,17083,US PRESIDENT,OTHER,OTHER,17,11937,20220315,TOTAL
2020,ILLINOIS,IL,JERSEY,17083,US PRESIDENT,DONALD J TRUMP,REPUBLICAN,8712,11937,20220315,TOTAL
2020,ILLINOIS,IL,JO DAVIESS,17085,US PRESIDENT,JOSEPH R BIDEN JR,DEMOCRAT,5109,12496,20220315,TOTAL
2020,ILLINOIS,IL,JO DAVIESS,17085,US PRESIDENT,OTHER,GREEN,61,12496,20220315,TOTAL
2020,ILLINOIS,IL,JO DAVIESS,17085,US PRESIDENT,JO JORGENSEN,LIBERTARIAN,125,12496,20220315,TOTAL
2020,ILLINOIS,IL,JO DAVIESS,17085,US PRESIDENT,OTHER,OTHER,35,12496,20220315,TOTAL
2020,ILLINOIS,IL,JO DAVIESS,17085,US PRESIDENT,DONALD J TRUMP,REPUBLICAN,7166,12496,20220315,TOTAL
2020,ILLINOIS,IL,JOHNSON,17087,US PRESIDENT,JOSEPH R BIDEN JR,DEMOCRAT,1281,6437,20220315,TOTAL
2020,ILLINOIS,IL,JOHNSON,17087,US PRESIDENT,OTHER,GREEN,37,6437,20220315,TOTAL
2020,ILLINOIS,IL,JOHNSON,17087,US PRESIDENT,JO JORGENSEN,LIBERTARIAN,53,6437,20220315,TOTAL
2020,ILLINOIS,IL,JOHNSON,17087,US PRESIDENT,OTHER,OTHER,7,6437,20220315,TOTAL
2020,ILLINOIS,IL,JOHNSON,17087,US PRESIDENT,DONALD J TRUMP,REPUBLICAN,5059,6437,20220315,TOTAL
2020,ILLINOIS,IL,KANE,17089,US PRESIDENT,JOSEPH R BIDEN JR,DEMOCRAT,130166,231876,20220315,TOTAL
2020,ILLINOIS,IL,KANE,17089,US PRESIDENT,OTHER,GREEN,1201,231876,20220315,TOTAL
2020,ILLINOIS,IL,KANE,17089,US PRESIDENT,JO JORGENSEN,LIBERTARIAN,2878,231876,20220315,TOTAL
2020,ILLINOIS,IL,KANE,17089,US PRESIDENT,OTHER,OTHER,856,231876,20220315,TOTAL
2020,ILLINOIS,IL,KANE,17089,US PRESIDENT,DONALD J TRUMP,REPUBLICAN,96775,231876,20220315,TOTAL
2020,ILLINOIS,IL,KANKAKEE,17091,US PRESIDENT,JOSEPH R BIDEN JR,DEMOCRAT,20271,49902,20220315,TOTAL
2020,ILLINOIS,IL,KANKAKEE,17091,US PRESIDENT,OTHER,GREEN,191,49902,20220315,TOTAL
2020,ILLINOIS,IL,KANKAKEE,17091,US PRESIDENT,JO JORGENSEN,LIBERTARIAN,804,49902,20220315,TOTAL
2020,ILLINOIS,IL,KANKAKEE,17091,US PRESIDENT,OTHER,OTHER,104,49902,20220315,TOTAL
2020,ILLINOIS,IL,KANKAKEE,17091,US PRESIDENT,DONALD J TRUMP,REPUBLICAN,28532,49902,20220315,TOTAL
2020,ILLINOIS,IL,KENDALL,17093,US PRESIDENT,JOSEPH R BIDEN JR,DEMOCRAT,33168,63974,20220315,TOTAL
2020,ILLINOIS,IL,KENDALL,17093,US PRESIDENT,OTHER,GREEN,334,63974,20220315,TOTAL
2020,ILLINOIS,IL,KENDALL,17093,US PRESIDENT,JO JORGENSEN,LIBERTARIAN,810,63974,20220315,TOTAL
2020,ILLINOIS,IL,KENDALL,17093,US PRESIDENT,OTHER,OTHER,170,63974,20220315,TOTAL
2020,ILLINOIS,IL,KENDALL,17093,US PRESIDENT,DONALD J TRUMP,REPUBLICAN,29492,63974,20220315,TOTAL
2020,ILLINOIS,IL,KNOX,17095,US PRESIDENT,JOSEPH R BIDEN JR,DEMOCRAT,10703,23143,20220315,TOTAL
2020,ILLINOIS,IL,KNOX,17095,US PRESIDENT,OTHER,GREEN,115,23143,20220315,TOTAL
2020,ILLINOIS,IL,KNOX,17095,US PRESIDENT,JO JORGENSEN,LIBERTARIAN,258,23143,20220315,TOTAL
2020,ILLINOIS,IL,KNOX,17095,US PRESIDENT,OTHER,OTHER,58,23143,20220315,TOTAL
2020,ILLINOIS,IL,KNOX,17095,US PRESIDENT,DONALD J TRUMP,REPUBLICAN,12009,23143,20220315,TOTAL
2020,ILLINOIS,IL,LAKE,17097,US PRESIDENT,JOSEPH R BIDEN JR,DEMOCRAT,204032,334177,20220315,TOTAL
2020,ILLINOIS,IL,LAKE,17097,US PRESIDENT,OTHER,GREEN,1441,334177,20220315,TOTAL
2020,ILLINOIS,IL,LAKE,17097,US PRESIDENT,JO JORGENSEN,LIBERTARIAN,4160,334177,20220315,TOTAL
2020,ILLINOIS,IL,LAKE,17097,US PRESIDENT,OTHER,OTHER,950,334177,20220315,TOTAL
2020,ILLINOIS,IL,LAKE,17097,US PRESIDENT,DONALD J TRUMP,REPUBLICAN,123594,334177,20220315,TOTAL
2020,ILLINOIS,IL,LASALLE,17099,US PRESIDENT,JOSEPH R BIDEN JR,DEMOCRAT,22442,53591,20220315,TOTAL
2020,ILLINOIS,IL,LASALLE,17099,US PRESIDENT,OTHER,GREEN,255,53591,20220315,TOTAL
2020,ILLINOIS,IL,LASALLE,17099,US PRESIDENT,JO JORGENSEN,LIBERTARIAN,675,53591,20220315,TOTAL
2020,ILLINOIS,IL,LASALLE,17099,US PRESIDENT,OTHER,OTHER,106,53591,20220315,TOTAL
2020,ILLINOIS,IL,LASALLE,17099,US PRESIDENT,DONALD J TRUMP,REPUBLICAN,30113,53591,20220315,TOTAL
2020,ILLINOIS,IL,LAWRENCE,17101,US PRESIDENT,JOSEPH R BIDEN JR,DEMOCRAT,1419,6411,20220315,TOTAL
2020,ILLINOIS,IL,LAWRENCE,17101,US PRESIDENT,OTHER,GREEN,19,6411,20220315,TOTAL
2020,ILLINOIS,IL,LAWRENCE,17101,US PRESIDENT,JO JORGENSEN,LIBERTARIAN,82,6411,20220315,TOTAL
2020,ILLINOIS,IL,LAWRENCE,17101,US PRESIDENT,OTHER,OTHER,5,6411,20220315,TOTAL
2020,ILLINOIS,IL,LAWRENCE,17101,US PRESIDENT,DONALD J TRUMP,REPUBLICAN,4886,6411,20220315,TOTAL
2020,ILLINOIS,IL,LEE,17103,US PRESIDENT,JOSEPH R BIDEN JR,DEMOCRAT,6407,16397,20220315,TOTAL
2020,ILLINOIS,IL,LEE,17103,US PRESIDENT,OTHER,GREEN,97,16397,20220315,TOTAL
2020,ILLINOIS,IL,LEE,17103,US PRESIDENT,JO JORGENSEN,LIBERTARIAN,229,16397,20220315,TOTAL
2020,ILLINOIS,IL,LEE,17103,US PRESIDENT,OTHER,OTHER,34,16397,20220315,TOTAL
2020,ILLINOIS,IL,LEE,17103,US PRESIDENT,DONALD J TRUMP,REPUBLICAN,9630,16397,20220315,TOTAL
2020,ILLINOIS,IL,LIVINGSTON,17105,US PRESIDENT,JOSEPH R BIDEN JR,DEMOCRAT,4615,17174,20220315,TOTAL
2020,ILLINOIS,IL,LIVINGSTON,17105,US PRESIDENT,OTHER,GREEN,73,17174,20220315,TOTAL
2020,ILLINOIS,IL,LIVINGSTON,17105,US PRESIDENT,JO JORGENSEN,LIBERTARIAN,244,17174,20220315,TOTAL
2020,ILLINOIS,IL,LIVINGSTON,17105,US PRESIDENT,OTHER,OTHER,34,17174,20220315,TOTAL
2020,ILLINOIS,IL,LIVINGSTON,17105,US PRESIDENT,DONALD J TRUMP,REPUBLICAN,12208,17174,20220315,TOTAL
2020,ILLINOIS,IL,LOGAN,17107,US PRESIDENT,JOSEPH R BIDEN JR,DEMOCRAT,3840,13294,20220315,TOTAL
2020,ILLINOIS,IL,LOGAN,17107,US PRESIDENT,OTHER,GREEN,66,13294,20220315,TOTAL
2020,ILLINOIS,IL,LOGAN,17107,US PRESIDENT,JO JORGENSEN,LIBERTARIAN,211,13294,20220315,TOTAL
2020,ILLINOIS,IL,LOGAN,17107,US PRESIDENT,OTHER,OTHER,41,13294,20220315,TOTAL
2020,ILLINOIS,IL,LOGAN,17107,US PRESIDENT,DONALD J TRUMP,REPUBLICAN,9136,13294,20220315,TOTAL
2020,ILLINOIS,IL,MCDONOUGH,17109,US PRESIDENT,JOSEPH R BIDEN JR,DEMOCRAT,4992,12285,20220315,TOTAL
2020,ILLINOIS,IL,MCDONOUGH,17109,US PRESIDENT,OTHER,GREEN,54,12285,20220315,TOTAL
2020,ILLINOIS,IL,MCDONOUGH,17109,US PRESIDENT,JO JORGENSEN,LIBERTARIAN,173,12285,20220315,TOTAL
2020,ILLINOIS,IL,MCDONOUGH,17109,US PRESIDENT,OTHER,OTHER,39,12285,20220315,TOTAL
2020,ILLINOIS,IL,MCDONOUGH,17109,US PRESIDENT,DONALD J TRUMP,REPUBLICAN,7027,12285,20220315,TOTAL
2020,ILLINOIS,IL,MCHENRY,17111,US PRESIDENT,JOSEPH R BIDEN JR,DEMOCRAT,78154,163879,20220315,TOTAL
2020,ILLINOIS,IL,MCHENRY,17111,US PRESIDENT,OTHER,GREEN,781,163879,20220315,TOTAL
2020,ILLINOIS,IL,MCHENRY,17111,US PRESIDENT,JO JORGENSEN,LIBERTARIAN,2176,163879,20220315,TOTAL
2020,ILLINOIS,IL,MCHENRY,17111,US PRESIDENT,OTHER,OTHER,508,163879,20220315,TOTAL
2020,ILLINOIS,IL,MCHENRY,17111,US PRESIDENT,DONALD J TRUMP,REPUBLICAN,82260,163879,20220315,TOTAL
2020,ILLINOIS,IL,MCLEAN,17113,US PRESIDENT,JOSEPH R BIDEN JR,DEMOCRAT,43933,87002,20220315,TOTAL
2020,ILLINOIS,IL,MCLEAN,17113,US PRESIDENT,OTHER,GREEN,502,87002,20220315,TOTAL
2020,ILLINOIS,IL,MCLEAN,17113,US PRESIDENT,JO JORGENSEN,LIBERTARIAN,1624,87002,20220315,TOTAL
2020,ILLINOIS,IL,MCLEAN,17113,US PRESIDENT,OTHER,OTHER,441,87002,20220315,TOTAL
2020,ILLINOIS,IL,MCLEAN,17113,US PRESIDENT,DONALD J TRUMP,REPUBLICAN,40502,87002,20220315,TOTAL
2020,ILLINOIS,IL,MACON,17115,US PRESIDENT,JOSEPH R BIDEN JR,DEMOCRAT,19847,49390,20220315,TOTAL
2020,ILLINOIS,IL,MACON,17115,US PRESIDENT,OTHER,GREEN,211,49390,20220315,TOTAL
2020,ILLINOIS,IL,MACON,17115,US PRESIDENT,JO JORGENSEN,LIBERTARIAN,597,49390,20220315,TOTAL
2020,ILLINOIS,IL,MACON,17115,US PRESIDENT,OTHER,OTHER,146,49390,20220315,TOTAL
2020,ILLINOIS,IL,MACON,17115,US PRESIDENT,DONALD J TRUMP,REPUBLICAN,28589,49390,20220315,TOTAL
2020,ILLINOIS,IL,MACOUPIN,17117,US PRESIDENT,JOSEPH R BIDEN JR,DEMOCRAT,7365,24022,20220315,TOTAL
2020,ILLINOIS,IL,MACOUPIN,17117,US PRESIDENT,OTHER,GREEN,110,24022,20220315,TOTAL
2020,ILLINOIS,IL,MACOUPIN,17117,US PRESIDENT,JO JORGENSEN,LIBERTARIAN,350,24022,20220315,TOTAL
2020,ILLINOIS,IL,MACOUPIN,17117,US PRESIDENT,OTHER,OTHER,44,24022,20220315,TOTAL
2020,ILLINOIS,IL,MACOUPIN,17117,US PRESIDENT,DONALD J TRUMP,REPUBLICAN,16153,24022,20220315,TOTAL
2020,ILLINOIS,IL,MADISON,17119,US PRESIDENT,JOSEPH R BIDEN JR,DEMOCRAT,57836,137139,20220315,TOTAL
2020,ILLINOIS,IL,MADISON,17119,US PRESIDENT,OTHER,GREEN,710,137139,20220315,TOTAL
2020,ILLINOIS,IL,MADISON,17119,US PRESIDENT,JO JORGENSEN,LIBERTARIAN,2169,137139,20220315,TOTAL
2020,ILLINOIS,IL,MADISON,17119,US PRESIDENT,OTHER,OTHER,393,137139,20220315,TOTAL
2020,ILLINOIS,IL,MADISON,17119,US PRESIDENT,DONALD J TRUMP,REPUBLICAN,76031,137139,20220315,TOTAL
2020,ILLINOIS,IL,MARION,17121,US PRESIDENT,JOSEPH R BIDEN JR,DEMOCRAT,4524,17458,20220315,TOTAL
2020,ILLINOIS,IL,MARION,17121,US PRESIDENT,OTHER,GREEN,74,17458,20220315,TOTAL
2020,ILLINOIS,IL,MARION,17121,US PRESIDENT,JO JORGENSEN,LIBERTARIAN,163,17458,20220315,TOTAL
2020,ILLINOIS,IL,MARION,17121,US PRESIDENT,OTHER,OTHER,19,17458,20220315,TOTAL
2020,ILLINOIS,IL,MARION,17121,US PRESIDENT,DONALD J TRUMP,REPUBLICAN,12678,17458,20220315,TOTAL
2020,ILLINOIS,IL,MARSHALL,17123,US PRESIDENT,JOSEPH R BIDEN JR,DEMOCRAT,2005,6334,20220315,TOTAL
2020,ILLINOIS,IL,MARSHALL,17123,US PRESIDENT,OTHER,GREEN,27,6334,20220315,TOTAL
2020,ILLINOIS,IL,MARSHALL,17123,US PRESIDENT,JO JORGENSEN,LIBERTARIAN,94,6334,20220315,TOTAL
2020,ILLINOIS,IL,MARSHALL,17123,US PRESIDENT,OTHER,OTHER,11,6334,20220315,TOTAL
2020,ILLINOIS,IL,MARSHALL,17123,US PRESIDENT,DONALD J TRUMP,REPUBLICAN,4197,6334,20220315,TOTAL
2020,ILLINOIS,IL,MASON,17125,US PRESIDENT,JOSEPH R BIDEN JR,DEMOCRAT,1985,6766,20220315,TOTAL
2020,ILLINOIS,IL,MASON,17125,US PRESIDENT,OTHER,GREEN,31,6766,20220315,TOTAL
2020,ILLINOIS,IL,MASON,17125,US PRESIDENT,JO JORGENSEN,LIBERTARIAN,78,6766,20220315,TOTAL
2020,ILLINOIS,IL,MASON,17125,US PRESIDENT,OTHER,OTHER,18,6766,20220315,TOTAL
2020,ILLINOIS,IL,MASON,17125,US PRESIDENT,DONALD J TRUMP,REPUBLICAN,4654,6766,20220315,TOTAL
2020,ILLINOIS,IL,MASSAC,17127,US PRESIDENT,JOSEPH R BIDEN JR,DEMOCRAT,1725,6813,20220315,TOTAL
2020,ILLINOIS,IL,MASSAC,17127,US PRESIDENT,OTHER,GREEN,14,6813,20220315,TOTAL
2020,ILLINOIS,IL,MASSAC,17127,US PRESIDENT,JO JORGENSEN,LIBERTARIAN,65,6813,20220315,TOTAL
2020,ILLINOIS,IL,MASSAC,17127,US PRESIDENT,OTHER,OTHER,12,6813,20220315,TOTAL
2020,ILLINOIS,IL,MASSAC,17127,US PRESIDENT,DONALD J TRUMP,REPUBLICAN,4997,6813,20220315,TOTAL
2020,ILLINOIS,IL,MENARD,17129,US PRESIDENT,JOSEPH R BIDEN JR,DEMOCRAT,2022,6928,20220315,TOTAL
2020,ILLINOIS,IL,MENARD,17129,US PRESIDENT,OTHER,GREEN,33,6928,20220315,TOTAL
2020,ILLINOIS,IL,MENARD,17129,US PRESIDENT,JO JORGENSEN,LIBERTARIAN,95,6928,20220315,TOTAL
2020,ILLINOIS,IL,MENARD,17129,US PRESIDENT,OTHER,OTHER,14,6928,20220315,TOTAL
2020,ILLINOIS,IL,MENARD,17129,US PRESIDENT,DONALD J TRUMP,REPUBLICAN,4764,6928,20220315,TOTAL
2020,ILLINOIS,IL,MERCER,17131,US PRESIDENT,JOSEPH R BIDEN JR,DEMOCRAT,3280,8893,20220315,TOTAL
2020,ILLINOIS,IL,MERCER,17131,US PRESIDENT,OTHER,GREEN,48,8893,20220315,TOTAL
2020,ILLINOIS,IL,MERCER,17131,US PRESIDENT,JO JORGENSEN,LIBERTARIAN,134,8893,20220315,TOTAL
2020,ILLINOIS,IL,MERCER,17131,US PRESIDENT,OTHER,OTHER,13,8893,20220315,TOTAL
2020,ILLINOIS,IL,MERCER,17131,US PRESIDENT,DONALD J TRUMP,REPUBLICAN,5418,8893,20220315,TOTAL
2020,ILLINOIS,IL,MONROE,17133,US PRESIDENT,JOSEPH R BIDEN JR,DEMOCRAT,6569,21148,20220315,TOTAL
2020,ILLINOIS,IL,MONROE,17133,US PRESIDENT,OTHER,GREEN,83,21148,20220315,TOTAL
2020,ILLINOIS,IL,MONROE,17133,US PRESIDENT,JO JORGENSEN,LIBERTARIAN,309,21148,20220315,TOTAL
2020,ILLINOIS,IL,MONROE,17133,US PRESIDENT,OTHER,OTHER,45,21148,20220315,TOTAL
2020,ILLINOIS,IL,MONROE,17133,US PRESIDENT,DONALD J TRUMP,REPUBLICAN,14142,21148,20220315,TOTAL
2020,ILLINOIS,IL,MONTGOMERY,17135,US PRESIDENT,JOSEPH R BIDEN JR,DEMOCRAT,3905,13727,20220315,TOTAL
2020,ILLINOIS,IL,MONTGOMERY,17135,US PRESIDENT,OTHER,GREEN,53,13727,20220315,TOTAL
2020,ILLINOIS,IL,MONTGOMERY,17135,US PRESIDENT,JO JORGENSEN,LIBERTARIAN,204,13727,20220315,TOTAL
2020,ILLINOIS,IL,MONTGOMERY,17135,US PRESIDENT,OTHER,OTHER,21,13727,20220315,TOTAL
2020,ILLINOIS,IL,MONTGOMERY,17135,US PRESIDENT,DONALD J TRUMP,REPUBLICAN,9544,13727,20220315,TOTAL
2020,ILLINOIS,IL,MORGAN,17137,US PRESIDENT,JOSEPH R BIDEN JR,DEMOCRAT,5076,15309,20220315,TOTAL
2020,ILLINOIS,IL,MORGAN,17137,US PRESIDENT,OTHER,GREEN,55,15309,20220315,TOTAL
2020,ILLINOIS,IL,MORGAN,17137,US PRESIDENT,JO JORGENSEN,LIBERTARIAN,198,15309,20220315,TOTAL
2020,ILLINOIS,IL,MORGAN,17137,US PRESIDENT,OTHER,OTHER,30,15309,20220315,TOTAL
2020,ILLINOIS,IL,MORGAN,17137,US PRESIDENT,DONALD J TRUMP,REPUBLICAN,9950,15309,20220315,TOTAL
2020,ILLINOIS,IL,MOULTRIE,17139,US PRESIDENT,JOSEPH R BIDEN JR,DEMOCRAT,1662,6744,20220315,TOTAL
2020,ILLINOIS,IL,MOULTRIE,17139,US PRESIDENT,OTHER,GREEN,24,6744,20220315,TOTAL
2020,ILLINOIS,IL,MOULTRIE,17139,US PRESIDENT,JO JORGENSEN,LIBERTARIAN,87,6744,20220315,TOTAL
2020,ILLINOIS,IL,MOULTRIE,17139,US PRESIDENT,OTHER,OTHER,7,6744,20220315,TOTAL
2020,ILLINOIS,IL,MOULTRIE,17139,US PRESIDENT,DONALD J TRUMP,REPUBLICAN,4964,6744,20220315,TOTAL
2020,ILLINOIS,IL,OGLE,17141,US PRESIDENT,JOSEPH R BIDEN JR,DEMOCRAT,9428,26272,20220315,TOTAL
2020,ILLINOIS,IL,OGLE,17141,US PRESIDENT,OTHER,GREEN,143,26272,20220315,TOTAL
2020,ILLINOIS,IL,OGLE,17141,US PRESIDENT,JO JORGENSEN,LIBERTARIAN,389,26272,20220315,TOTAL
2020,ILLINOIS,IL,OGLE,17141,US PRESIDENT,OTHER,OTHER,64,26272,20220315,TOTAL
2020,ILLINOIS,IL,OGLE,17141,US PRESIDENT,DONALD J TRUMP,REPUBLICAN,16248,26272,20220315,TOTAL
2020,ILLINOIS,IL,PEORIA,17143,US PRESIDENT,JOSEPH R BIDEN JR,DEMOCRAT,43578,83973,20220315,TOTAL
2020,ILLINOIS,IL,PEORIA,17143,US PRESIDENT,OTHER,GREEN,507,83973,20220315,TOTAL
2020,ILLINOIS,IL,PEORIA,17143,US PRESIDENT,JO JORGENSEN,LIBERTARIAN,1309,83973,20220315,TOTAL
2020,ILLINOIS,IL,PEORIA,17143,US PRESIDENT,OTHER,OTHER,327,83973,20220315,TOTAL
2020,ILLINOIS,IL,PEORIA,17143,US PRESIDENT,DONALD J TRUMP,REPUBLICAN,38252,83973,20220315,TOTAL
2020,ILLINOIS,IL,PERRY,17145,US PRESIDENT,JOSEPH R BIDEN JR,DEMOCRAT,2612,10053,20220315,TOTAL
2020,ILLINOIS,IL,PERRY,17145,US PRESIDENT,OTHER,GREEN,52,10053,20220315,TOTAL
2020,ILLINOIS,IL,PERRY,17145,US PRESIDENT,JO JORGENSEN,LIBERTARIAN,69,10053,20220315,TOTAL
2020,ILLINOIS,IL,PERRY,17145,US PRESIDENT,OTHER,OTHER,7,10053,20220315,TOTAL
2020,ILLINOIS,IL,PERRY,17145,US PRESIDENT,DONALD J TRUMP,REPUBLICAN,7313,10053,20220315,TOTAL
2020,ILLINOIS,IL,PIATT,17147,US PRESIDENT,JOSEPH R BIDEN JR,DEMOCRAT,3329,9822,20220315,TOTAL
2020,ILLINOIS,IL,PIATT,17147,US PRESIDENT,OTHER,GREEN,35,9822,20220315,TOTAL
2020,ILLINOIS,IL,PIATT,17147,US PRESIDENT,JO JORGENSEN,LIBERTARIAN,168,9822,20220315,TOTAL
2020,ILLINOIS,IL,PIATT,17147,US PRESIDENT,OTHER,OTHER,42,9822,20220315,TOTAL
2020,ILLINOIS,IL,PIATT,17147,US PRESIDENT,DONALD J TRUMP,REPUBLICAN,6248,9822,20220315,TOTAL
2020,ILLINOIS,IL,PIKE,17149,US PRESIDENT,JOSEPH R BIDEN JR,DEMOCRAT,1484,7949,20220315,TOTAL
2020,ILLINOIS,IL,PIKE,17149,US PRESIDENT,OTHER,GREEN,15,7949,20220315,TOTAL
2020,ILLINOIS,IL,PIKE,17149,US PRESIDENT,JO JORGENSEN,LIBERTARIAN,110,7949,20220315,TOTAL
2020,ILLINOIS,IL,PIKE,17149,US PRESIDENT,OTHER,OTHER,8,7949,20220315,TOTAL
2020,ILLINOIS,IL,PIKE,17149,US PRESIDENT,DONALD J TRUMP,REPUBLICAN,6332,7949,20220315,TOTAL
2020,ILLINOIS,IL,POPE,17151,US PRESIDENT,JOSEPH R BIDEN JR,DEMOCRAT,433,2175,20220315,TOTAL
2020,ILLINOIS,IL,POPE,17151,US PRESIDENT,OTHER,GREEN,4,2175,20220315,TOTAL
2020,ILLINOIS,IL,POPE,17151,US PRESIDENT,JO JORGENSEN,LIBERTARIAN,16,2175,20220315,TOTAL
2020,ILLINOIS,IL,POPE,17151,US PRESIDENT,OTHER,OTHER,0,2175,20220315,TOTAL
2020,ILLINOIS,IL,POPE,17151,US PRESIDENT,DONALD J TRUMP,REPUBLICAN,1722,2175,20220315,TOTAL
2020,ILLINOIS,IL,PULASKI,17153,US PRESIDENT,JOSEPH R BIDEN JR,DEMOCRAT,891,2624,20220315,TOTAL
2020,ILLINOIS,IL,PULASKI,17153,US PRESIDENT,OTHER,GREEN,7,2624,20220315,TOTAL
2020,ILLINOIS,IL,PULASKI,17153,US PRESIDENT,JO JORGENSEN,LIBERTARIAN,23,2624,20220315,TOTAL
2020,ILLINOIS,IL,PULASKI,17153,US PRESIDENT,OTHER,OTHER,4,2624,20220315,TOTAL
2020,ILLINOIS,IL,PULASKI,17153,US PRESIDENT,DONALD J TRUMP,REPUBLICAN,1699,2624,20220315,TOTAL
2020,ILLINOIS,IL,PUTNAM,17155,US PRESIDENT,JOSEPH R BIDEN JR,DEMOCRAT,1338,3390,20220315,TOTAL
2020,ILLINOIS,IL,PUTNAM,17155,US PRESIDENT,OTHER,GREEN,17,3390,20220315,TOTAL
2020,ILLINOIS,IL,PUTNAM,17155,US PRESIDENT,JO JORGENSEN,LIBERTARIAN,33,3390,20220315,TOTAL
2020,ILLINOIS,IL,PUTNAM,17155,US PRESIDENT,OTHER,OTHER,9,3390,20220315,TOTAL
2020,ILLINOIS,IL,PUTNAM,17155,US PRESIDENT,DONALD J TRUMP,REPUBLICAN,1993,3390,20220315,TOTAL
2020,ILLINOIS,IL,RANDOLPH,17157,US PRESIDENT,JOSEPH R BIDEN JR,DEMOCRAT,3592,14891,20220315,TOTAL
2020,ILLINOIS,IL,RANDOLPH,17157,US PRESIDENT,OTHER,GREEN,69,14891,20220315,TOTAL
2020,ILLINOIS,IL,RANDOLPH,17157,US PRESIDENT,JO JORGENSEN,LIBERTARIAN,132,14891,20220315,TOTAL
2020,ILLINOIS,IL,RANDOLPH,17157,US PRESIDENT,OTHER,OTHER,22,14891,20220315,TOTAL
2020,ILLINOIS,IL,RANDOLPH,17157,US PRESIDENT,DONALD J TRUMP,REPUBLICAN,11076,14891,20220315,TOTAL
2020,ILLINOIS,IL,RICHLAND,17159,US PRESIDENT,JOSEPH R BIDEN JR,DEMOCRAT,1830,8063,20220315,TOTAL
2020,ILLINOIS,IL,RICHLAND,17159,US PRESIDENT,OTHER,GREEN,27,8063,20220315,TOTAL
2020,ILLINOIS,IL,RICHLAND,17159,US PRESIDENT,JO JORGENSEN,LIBERTARIAN,100,8063,20220315,TOTAL
2020,ILLINOIS,IL,RICHLAND,17159,US PRESIDENT,OTHER,OTHER,17,8063,20220315,TOTAL
2020,ILLINOIS,IL,RICHLAND,17159,US PRESIDENT,DONALD J TRUMP,REPUBLICAN,6089,8063,20220315,TOTAL
2020,ILLINOIS,IL,ROCK ISLAND,17161,US PRESIDENT,JOSEPH R BIDEN JR,DEMOCRAT,36691,66758,20220315,TOTAL
2020,ILLINOIS,IL,ROCK ISLAND,17161,US PRESIDENT,OTHER,GREEN,310,66758,20220315,TOTAL
2020,ILLINOIS,IL,ROCK ISLAND,17161,US PRESIDENT,JO JORGENSEN,LIBERTARIAN,959,66758,20220315,TOTAL
2020,ILLINOIS,IL,ROCK ISLAND,17161,US PRESIDENT,OTHER,OTHER,195,66758,20220315,TOTAL
2020,ILLINOIS,IL,ROCK ISLAND,17161,US PRESIDENT,DONALD J TRUMP,REPUBLICAN,28603,66758,20220315,TOTAL
2020,ILLINOIS,IL,ST. CLAIR,17163,US PRESIDENT,JOSEPH R BIDEN JR,DEMOCRAT,68325,128091,20220315,TOTAL
2020,ILLINOIS,IL,ST. CLAIR,17163,US PRESIDENT,OTHER,GREEN,666,128091,20220315,TOTAL
2020,ILLINOIS,IL,ST. CLAIR,17163,US PRESIDENT,JO JORGENSEN,LIBERTARIAN,1615,128091,20220315,TOTAL
2020,ILLINOIS,IL,ST. CLAIR,17163,US PRESIDENT,OTHER,OTHER,335,128091,20220315,TOTAL
2020,ILLINOIS,IL,ST. CLAIR,17163,US PRESIDENT,DONALD J TRUMP,REPUBLICAN,57150,128091,20220315,TOTAL
2020,ILLINOIS,IL,SALINE,17165,US PRESIDENT,JOSEPH R BIDEN JR,DEMOCRAT,2789,11066,20220315,TOTAL
2020,ILLINOIS,IL,SALINE,17165,US PRESIDENT,OTHER,GREEN,35,11066,20220315,TOTAL
2020,ILLINOIS,IL,SALINE,17165,US PRESIDENT,JO JORGENSEN,LIBERTARIAN,124,11066,20220315,TOTAL
2020,ILLINOIS,IL,SALINE,17165,US PRESIDENT,OTHER,OTHER,15,11066,20220315,TOTAL
2020,ILLINOIS,IL,SALINE,17165,US PRESIDENT,DONALD J TRUMP,REPUBLICAN,8103,11066,20220315,TOTAL
2020,ILLINOIS,IL,SANGAMON,17167,US PRESIDENT,JOSEPH R BIDEN JR,DEMOCRAT,48917,104752,20220315,TOTAL
2020,ILLINOIS,IL,SANGAMON,17167,US PRESIDENT,OTHER,GREEN,620,104752,20220315,TOTAL
2020,ILLINOIS,IL,SANGAMON,17167,US PRESIDENT,JO JORGENSEN,LIBERTARIAN,1449,104752,20220315,TOTAL
2020,ILLINOIS,IL,SANGAMON,17167,US PRESIDENT,OTHER,OTHER,281,104752,20220315,TOTAL
2020,ILLINOIS,IL,SANGAMON,17167,US PRESIDENT,DONALD J TRUMP,REPUBLICAN,53485,104752,20220315,TOTAL
2020,ILLINOIS,IL,SCHUYLER,17169,US PRESIDENT,JOSEPH R BIDEN JR,DEMOCRAT,1068,3906,20220315,TOTAL
2020,ILLINOIS,IL,SCHUYLER,17169,US PRESIDENT,OTHER,GREEN,12,3906,20220315,TOTAL
2020,ILLINOIS,IL,SCHUYLER,17169,US PRESIDENT,JO JORGENSEN,LIBERTARIAN,48,3906,20220315,TOTAL
2020,ILLINOIS,IL,SCHUYLER,17169,US PRESIDENT,OTHER,OTHER,5,3906,20220315,TOTAL
2020,ILLINOIS,IL,SCHUYLER,17169,US PRESIDENT,DONALD J TRUMP,REPUBLICAN,2773,3906,20220315,TOTAL
2020,ILLINOIS,IL,SCOTT,17171,US PRESIDENT,JOSEPH R BIDEN JR,DEMOCRAT,572,2737,20220315,TOTAL
2020,ILLINOIS,IL,SCOTT,17171,US PRESIDENT,OTHER,GREEN,11,2737,20220315,TOTAL
2020,ILLINOIS,IL,SCOTT,17171,US PRESIDENT,JO JORGENSEN,LIBERTARIAN,31,2737,20220315,TOTAL
2020,ILLINOIS,IL,SCOTT,17171,US PRESIDENT,OTHER,OTHER,9,2737,20220315,TOTAL
2020,ILLINOIS,IL,SCOTT,17171,US PRESIDENT,DONALD J TRUMP,REPUBLICAN,2114,2737,20220315,TOTAL
2020,ILLINOIS,IL,SHELBY,17173,US PRESIDENT,JOSEPH R BIDEN JR,DEMOCRAT,2504,12097,20220315,TOTAL
2020,ILLINOIS,IL,SHELBY,17173,US PRESIDENT,OTHER,GREEN,45,12097,20220315,TOTAL
2020,ILLINOIS,IL,SHELBY,17173,US PRESIDENT,JO JORGENSEN,LIBERTARIAN,109,12097,20220315,TOTAL
2020,ILLINOIS,IL,SHELBY,17173,US PRESIDENT,OTHER,OTHER,13,12097,20220315,TOTAL
2020,ILLINOIS,IL,SHELBY,17173,US PRESIDENT,DONALD J TRUMP,REPUBLICAN,9426,12097,20220315,TOTAL
2020,ILLINOIS,IL,STARK,17175,US PRESIDENT,JOSEPH R BIDEN JR,DEMOCRAT,815,2883,20220315,TOTAL
2020,ILLINOIS,IL,STARK,17175,US PRESIDENT,OTHER,GREEN,17,2883,20220315,TOTAL
2020,ILLINOIS,IL,STARK,17175,US PRESIDENT,JO JORGENSEN,LIBERTARIAN,42,2883,20220315,TOTAL
2020,ILLINOIS,IL,STARK,17175,US PRESIDENT,OTHER,OTHER,5,2883,20220315,TOTAL
2020,ILLINOIS,IL,STARK,17175,US PRESIDENT,DONALD J TRUMP,REPUBLICAN,2004,2883,20220315,TOTAL
2020,ILLINOIS,IL,STEPHENSON,17177,US PRESIDENT,JOSEPH R BIDEN JR,DEMOCRAT,9055,22048,20220315,TOTAL
2020,ILLINOIS,IL,STEPHENSON,17177,US PRESIDENT,OTHER,GREEN,94,22048,20220315,TOTAL
2020,ILLINOIS,IL,STEPHENSON,17177,US PRESIDENT,JO JORGENSEN,LIBERTARIAN,328,22048,20220315,TOTAL
2020,ILLINOIS,IL,STEPHENSON,17177,US PRESIDENT,OTHER,OTHER,50,22048,20220315,TOTAL
2020,ILLINOIS,IL,STEPHENSON,17177,US PRESIDENT,DONALD J TRUMP,REPUBLICAN,12521,22048,20220315,TOTAL
2020,ILLINOIS,IL,TAZEWELL,17179,US PRESIDENT,JOSEPH R BIDEN JR,DEMOCRAT,24819,69052,20220315,TOTAL
2020,ILLINOIS,IL,TAZEWELL,17179,US PRESIDENT,OTHER,GREEN,342,69052,20220315,TOTAL
2020,ILLINOIS,IL,TAZEWELL,17179,US PRESIDENT,JO JORGENSEN,LIBERTARIAN,1175,69052,20220315,TOTAL
2020,ILLINOIS,IL,TAZEWELL,17179,US PRESIDENT,OTHER,OTHER,203,69052,20220315,TOTAL
2020,ILLINOIS,IL,TAZEWELL,17179,US PRESIDENT,DONALD J TRUMP,REPUBLICAN,42513,69052,20220315,TOTAL
2020,ILLINOIS,IL,UNION,17181,US PRESIDENT,JOSEPH R BIDEN JR,DEMOCRAT,2579,8886,20220315,TOTAL
2020,ILLINOIS,IL,UNION,17181,US PRESIDENT,OTHER,GREEN,32,8886,20220315,TOTAL
2020,ILLINOIS,IL,UNION,17181,US PRESIDENT,JO JORGENSEN,LIBERTARIAN,89,8886,20220315,TOTAL
2020,ILLINOIS,IL,UNION,17181,US PRESIDENT,OTHER,OTHER,25,8886,20220315,TOTAL
2020,ILLINOIS,IL,UNION,17181,US PRESIDENT,DONALD J TRUMP,REPUBLICAN,6161,8886,20220315,TOTAL
2020,ILLINOIS,IL,VERMILION,17183,US PRESIDENT,JOSEPH R BIDEN JR,DEMOCRAT,10323,31584,20220315,TOTAL
2020,ILLINOIS,IL,VERMILION,17183,US PRESIDENT,OTHER,GREEN,127,31584,20220315,TOTAL
2020,ILLINOIS,IL,VERMILION,17183,US PRESIDENT,JO JORGENSEN,LIBERTARIAN,350,31584,20220315,TOTAL
2020,ILLINOIS,IL,VERMILION,17183,US PRESIDENT,OTHER,OTHER,59,31584,20220315,TOTAL
2020,ILLINOIS,IL,VERMILION,17183,US PRESIDENT,DONALD J TRUMP,REPUBLICAN,20725,31584,20220315,TOTAL
2020,ILLINOIS,IL,WABASH,17185,US PRESIDENT,JOSEPH R BIDEN JR,DEMOCRAT,1253,5593,20220315,TOTAL
2020,ILLINOIS,IL,WABASH,17185,US PRESIDENT,OTHER,GREEN,14,5593,20220315,TOTAL
2020,ILLINOIS,IL,WABASH,17185,US PRESIDENT,JO JORGENSEN,LIBERTARIAN,78,5593,20220315,TOTAL
2020,ILLINOIS,IL,WABASH,17185,US PRESIDENT,OTHER,OTHER,11,5593,20220315,TOTAL
2020,ILLINOIS,IL,WABASH,17185,US PRESIDENT,DONALD J TRUMP,REPUBLICAN,4237,5593,20220315,TOTAL
2020,ILLINOIS,IL,WARREN,17187,US PRESIDENT,JOSEPH R BIDEN JR,DEMOCRAT,3090,7909,20220315,TOTAL
2020,ILLINOIS,IL,WARREN,17187,US PRESIDENT,OTHER,GREEN,34,7909,20220315,TOTAL
2020,ILLINOIS,IL,WARREN,17187,US PRESIDENT,JO JORGENSEN,LIBERTARIAN,99,7909,20220315,TOTAL
2020,ILLINOIS,IL,WARREN,17187,US PRESIDENT,OTHER,OTHER,10,7909,20220315,TOTAL
2020,ILLINOIS,IL,WARREN,17187,US PRESIDENT,DONALD J TRUMP,REPUBLICAN,4676,7909,20220315,TOTAL
2020,ILLINOIS,IL,WASHINGTON,17189,US PRESIDENT,JOSEPH R BIDEN JR,DEMOCRAT,1641,7902,20220315,TOTAL
2020,ILLINOIS,IL,WASHINGTON,17189,US PRESIDENT,OTHER,GREEN,42,7902,20220315,TOTAL
2020,ILLINOIS,IL,WASHINGTON,17189,US PRESIDENT,JO JORGENSEN,LIBERTARIAN,92,7902,20220315,TOTAL
2020,ILLINOIS,IL,WASHINGTON,17189,US PRESIDENT,OTHER,OTHER,12,7902,20220315,TOTAL
2020,ILLINOIS,IL,WASHINGTON,17189,US PRESIDENT,DONALD J TRUMP,REPUBLICAN,6115,7902,20220315,TOTAL
2020,ILLINOIS,IL,WAYNE,17191,US PRESIDENT,JOSEPH R BIDEN JR,DEMOCRAT,1187,8486,20220315,TOTAL
2020,ILLINOIS,IL,WAYNE,17191,US PRESIDENT,OTHER,GREEN,23,8486,20220315,TOTAL
2020,ILLINOIS,IL,WAYNE,17191,US PRESIDENT,JO JORGENSEN,LIBERTARIAN,90,8486,20220315,TOTAL
2020,ILLINOIS,IL,WAYNE,17191,US PRESIDENT,OTHER,OTHER,10,8486,20220315,TOTAL
2020,ILLINOIS,IL,WAYNE,17191,US PRESIDENT,DONALD J TRUMP,REPUBLICAN,7176,8486,20220315,TOTAL
2020,ILLINOIS,IL,WHITE,17193,US PRESIDENT,JOSEPH R BIDEN JR,DEMOCRAT,1517,7421,20220315,TOTAL
2020,ILLINOIS,IL,WHITE,17193,US PRESIDENT,OTHER,GREEN,23,7421,20220315,TOTAL
2020,ILLINOIS,IL,WHITE,17193,US PRESIDENT,JO JORGENSEN,LIBERTARIAN,82,7421,20220315,TOTAL
2020,ILLINOIS,IL,WHITE,17193,US PRESIDENT,OTHER,OTHER,8,7421,20220315,TOTAL
2020,ILLINOIS,IL,WHITE,17193,US PRESIDENT,DONALD J TRUMP,REPUBLICAN,5791,7421,20220315,TOTAL
2020,ILLINOIS,IL,WHITESIDE,17195,US PRESIDENT,JOSEPH R BIDEN JR,DEMOCRAT,12253,27375,20220315,TOTAL
2020,ILLINOIS,IL,WHITESIDE,17195,US PRESIDENT,OTHER,GREEN,154,27375,20220315,TOTAL
2020,ILLINOIS,IL,WHITESIDE,17195,US PRESIDENT,JO JORGENSEN,LIBERTARIAN,382,27375,20220315,TOTAL
2020,ILLINOIS,IL,WHITESIDE,17195,US PRESIDENT,OTHER,OTHER,59,27375,20220315,TOTAL
2020,ILLINOIS,IL,WHITESIDE,17195,US PRESIDENT,DONALD J TRUMP,REPUBLICAN,14527,27375,20220315,TOTAL
2020,ILLINOIS,IL,WILL,17197,US PRESIDENT,JOSEPH R BIDEN JR,DEMOCRAT,183915,345105,20220315,TOTAL
2020,ILLINOIS,IL,WILL,17197,US PRESIDENT,OTHER,GREEN,1614,345105,20220315,TOTAL
2020,ILLINOIS,IL,WILL,17197,US PRESIDENT,JO JORGENSEN,LIBERTARIAN,3672,345105,20220315,TOTAL
2020,ILLINOIS,IL,WILL,17197,US PRESIDENT,OTHER,OTHER,788,345105,20220315,TOTAL
2020,ILLINOIS,IL,WILL,17197,US PRESIDENT,DONALD J TRUMP,REPUBLICAN,155116,345105,20220315,TOTAL
2020,ILLINOIS,IL,WILLIAMSON,17199,US PRESIDENT,JOSEPH R BIDEN JR,DEMOCRAT,10206,33653,20220315,TOTAL
2020,ILLINOIS,IL,WILLIAMSON,17199,US PRESIDENT,OTHER,GREEN,169,33653,20220315,TOTAL
2020,ILLINOIS,IL,WILLIAMSON,17199,US PRESIDENT,JO JORGENSEN,LIBERTARIAN,420,33653,20220315,TOTAL
2020,ILLINOIS,IL,WILLIAMSON,17199,US PRESIDENT,OTHER,OTHER,57,33653,20220315,TOTAL
2020,ILLINOIS,IL,WILLIAMSON,17199,US PRESIDENT,DONALD J TRUMP,REPUBLICAN,22801,33653,20220315,TOTAL
2020,ILLINOIS,IL,WINNEBAGO,17201,US PRESIDENT,JOSEPH R BIDEN JR,DEMOCRAT,64056,127709,20220315,TOTAL
2020,ILLINOIS,IL,WINNEBAGO,17201,US PRESIDENT,OTHER,GREEN,645,127709,20220315,TOTAL
2020,ILLINOIS,IL,WINNEBAGO,17201,US PRESIDENT,JO JORGENSEN,LIBERTARIAN,1719,127709,20220315,TOTAL
2020,ILLINOIS,IL,WINNEBAGO,17201,US PRESIDENT,OTHER,OTHER,428,127709,20220315,TOTAL
2020,ILLINOIS,IL,WINNEBAGO,17201,US PRESIDENT,DONALD J TRUMP,REPUBLICAN,60861,127709,20220315,TOTAL
2020,ILLINOIS,IL,WOODFORD,17203,US PRESIDENT,JOSEPH R BIDEN JR,DEMOCRAT,6160,21432,20220315,TOTAL
2020,ILLINOIS,IL,WOODFORD,17203,US PRESIDENT,OTHER,GREEN,103,21432,20220315,TOTAL
2020,ILLINOIS,IL,WOODFORD,17203,US PRESIDENT,JO JORGENSEN,LIBERTARIAN,314,21432,20220315,TOTAL
2020,ILLINOIS,IL,WOODFORD,17203,US PRESIDENT,OTHER,OTHER,56,21432,20220315,TOTAL
2020,ILLINOIS,IL,WOODFORD,17203,US PRESIDENT,DONALD J TRUMP,REPUBLICAN,14799,21432,20220315,TOTAL
